ASUS,https://24h.pchome.com.tw{39}
ASUS,https://24h.pchome.com.tw{43}
ASUS,https://24h.pchome.com.tw{47}
ASUS,https://24h.pchome.com.tw{51}
ASUS,https://24h.pchome.com.tw{55}
HP,https://24h.pchome.com.tw{39}
HP,https://24h.pchome.com.tw{43}
HP,https://24h.pchome.com.tw{47}
HP,https://24h.pchome.com.tw{51}
HP,https://24h.pchome.com.tw{55}
聯想,https://24h.pchome.com.tw{39}
聯想,https://24h.pchome.com.tw{43}
聯想,https://24h.pchome.com.tw{47}
聯想,https://24h.pchome.com.tw{51}
聯想,https://24h.pchome.com.tw{55}
微軟,https://24h.pchome.com.tw{39}
微軟,https://24h.pchome.com.tw{43}
微軟,https://24h.pchome.com.tw{47}
微軟,https://24h.pchome.com.tw{51}
微軟,https://24h.pchome.com.tw{55}
戴爾,https://24h.pchome.com.tw{39}
戴爾,https://24h.pchome.com.tw{43}
戴爾,https://24h.pchome.com.tw{47}
戴爾,https://24h.pchome.com.tw{51}
戴爾,https://24h.pchome.com.tw{55}
其他,https://24h.pchome.com.tw{39}
其他,https://24h.pchome.com.tw{43}
其他,https://24h.pchome.com.tw{47}
其他,https://24h.pchome.com.tw{51}
其他,https://24h.pchome.com.tw{55}
